{"cameraMode":{"drawMode":0,"name":"Shaded","section":"Shading Mode"},"sceneLighting":true,"audioPlay":false,"sceneViewState":{"showFog":true,"showMaterialUpdate":false,"showSkybox":false,"showFlares":true,"showImageEffects":true,"showParticleSystems":true},"in2DMode":false,"pivot":{"x":0.2838612198829651,"y":2.421441078186035,"z":-0.01300048828125},"rotation":{"x":-0.10355842113494873,"y":0.8953683972358704,"z":-0.2801814377307892,"w":-0.3305666148662567},"size":8.301467895507813,"orthographic":false}